{
  "conditions": [
    "naive",
    "cot",
    "farness"
  ],
  "n_naive": 66,
  "n_cot": 66,
  "n_farness": 66,
  "naive": {
    "n": 66,
    "mean_update_magnitude": 59.02878787878788,
    "std_update_magnitude": 165.65222491728454,
    "mean_relative_update": 0.5759618880574763,
    "initial_ci_rate": 1.0,
    "correct_direction_rate": 0.9791666666666666
  },
  "cot": {
    "n": 66,
    "mean_update_magnitude": 29.348484848484848,
    "std_update_magnitude": 43.972411779080275,
    "mean_relative_update": 0.5518547252181738,
    "initial_ci_rate": 1.0,
    "correct_direction_rate": 0.9583333333333334
  },
  "farness": {
    "n": 66,
    "mean_update_magnitude": 22.027272727272727,
    "std_update_magnitude": 46.498567539406885,
    "mean_relative_update": 0.44628130042547415,
    "initial_ci_rate": 1.0,
    "correct_direction_rate": 1.0
  },
  "statistical_comparison": {
    "naive_vs_cot": {
      "mann_whitney_u": 2183.0,
      "p_value_raw": 0.9836425135197231,
      "hypothesis": "naive != cot (two-sided)",
      "effect_size_r": -0.0022956841138659367,
      "effect_size_r_ci95": [
        -0.21808999081726355,
        0.17844926538108355
      ],
      "cohens_d": 0.24490636007201275,
      "cohens_d_ci95": [
        -0.09650317340440978,
        0.4602628417241341
      ],
      "p_value_corrected": 0.9836425135197231
    },
    "naive_vs_farness": {
      "mann_whitney_u": 2652.0,
      "p_value_raw": 0.030880500037077895,
      "hypothesis": "naive != farness (two-sided)",
      "effect_size_r": -0.21763085399449045,
      "effect_size_r_ci95": [
        -0.41944444444444445,
        -0.03486570247933885
      ],
      "cohens_d": 0.30413631771903116,
      "cohens_d_ci95": [
        0.011083173524192658,
        0.5083873579844582
      ],
      "p_value_corrected": 0.09264150011123368
    },
    "cot_vs_farness": {
      "mann_whitney_u": 2634.5,
      "p_value_raw": 0.037679060244950074,
      "hypothesis": "cot != farness (two-sided)",
      "effect_size_r": -0.20959595959595956,
      "effect_size_r_ci95": [
        -0.4143882001836548,
        -0.030888429752066165
      ],
      "cohens_d": 0.1617835871691245,
      "cohens_d_ci95": [
        -0.15511896861184446,
        0.5485475470442596
      ],
      "p_value_corrected": 0.09264150011123368
    }
  },
  "mixed_effects": {
    "coefficients": {
      "Intercept": {
        "estimate": 59.02878787878764,
        "se": 21.95298525267089,
        "p_value": 0.007169370336249
      },
      "condition[T.cot]": {
        "estimate": -29.680303030303037,
        "se": 14.185283042174293,
        "p_value": 0.036408944325311283
      },
      "condition[T.farness]": {
        "estimate": -37.001515151515164,
        "se": 14.185283042174294,
        "p_value": 0.009095491681916416
      }
    },
    "random_effect_variance": 4194.546774117567,
    "n_groups": 11,
    "n_obs": 198,
    "converged": true
  },
  "convergence": {
    "mean_convergence_ratio": -5.138312423238628,
    "ci_95": [
      -7.569182440792691,
      -2.898944824054038
    ],
    "n_valid": 47,
    "n_skipped": 19,
    "t_statistic": -4.124976478832287,
    "p_value_one_sided": 0.999923119200464,
    "cohens_d": -0.6016896590138866,
    "interpretation": "Significant divergence: naive responses moved away from farness initial estimates",
    "details": [
      {
        "case_id": "planning_estimate",
        "initial_gap": 0.16666666666666652,
        "final_gap": 5.833333333333334,
        "convergence_ratio": null,
        "skipped": true,
        "skip_reason": "Initial gap 0.17 < threshold 0.5"
      },
      {
        "case_id": "planning_estimate",
        "initial_gap": 0.16666666666666652,
        "final_gap": 6.033333333333333,
        "convergence_ratio": null,
        "skipped": true,
        "skip_reason": "Initial gap 0.17 < threshold 0.5"
      },
      {
        "case_id": "planning_estimate",
        "initial_gap": 0.16666666666666652,
        "final_gap": 5.833333333333334,
        "convergence_ratio": null,
        "skipped": true,
        "skip_reason": "Initial gap 0.17 < threshold 0.5"
      },
      {
        "case_id": "planning_estimate",
        "initial_gap": 0.16666666666666652,
        "final_gap": 5.833333333333334,
        "convergence_ratio": null,
        "skipped": true,
        "skip_reason": "Initial gap 0.17 < threshold 0.5"
      },
      {
        "case_id": "planning_estimate",
        "initial_gap": 0.16666666666666652,
        "final_gap": 5.833333333333334,
        "convergence_ratio": null,
        "skipped": true,
        "skip_reason": "Initial gap 0.17 < threshold 0.5"
      },
      {
        "case_id": "planning_estimate",
        "initial_gap": 0.16666666666666652,
        "final_gap": 1.0333333333333337,
        "convergence_ratio": null,
        "skipped": true,
        "skip_reason": "Initial gap 0.17 < threshold 0.5"
      },
      {
        "case_id": "sunk_cost_project",
        "initial_gap": 4.5,
        "final_gap": 14.5,
        "convergence_ratio": -2.2222222222222223,
        "skipped": false
      },
      {
        "case_id": "sunk_cost_project",
        "initial_gap": 0.5,
        "final_gap": 14.5,
        "convergence_ratio": -28.0,
        "skipped": false
      },
      {
        "case_id": "sunk_cost_project",
        "initial_gap": 0.5,
        "final_gap": 14.5,
        "convergence_ratio": -28.0,
        "skipped": false
      },
      {
        "case_id": "sunk_cost_project",
        "initial_gap": 0.5,
        "final_gap": 14.5,
        "convergence_ratio": -28.0,
        "skipped": false
      },
      {
        "case_id": "sunk_cost_project",
        "initial_gap": 0.5,
        "final_gap": 12.5,
        "convergence_ratio": -24.0,
        "skipped": false
      },
      {
        "case_id": "sunk_cost_project",
        "initial_gap": 0.5,
        "final_gap": 12.5,
        "convergence_ratio": -24.0,
        "skipped": false
      },
      {
        "case_id": "startup_success",
        "initial_gap": 0.833333333333333,
        "final_gap": 3.166666666666667,
        "convergence_ratio": -2.8000000000000016,
        "skipped": false
      },
      {
        "case_id": "startup_success",
        "initial_gap": 0.833333333333333,
        "final_gap": 3.166666666666667,
        "convergence_ratio": -2.8000000000000016,
        "skipped": false
      },
      {
        "case_id": "startup_success",
        "initial_gap": 0.16666666666666696,
        "final_gap": 3.166666666666667,
        "convergence_ratio": null,
        "skipped": true,
        "skip_reason": "Initial gap 0.17 < threshold 0.5"
      },
      {
        "case_id": "startup_success",
        "initial_gap": 1.833333333333333,
        "final_gap": 3.166666666666667,
        "convergence_ratio": -0.7272727272727277,
        "skipped": false
      },
      {
        "case_id": "startup_success",
        "initial_gap": 1.833333333333333,
        "final_gap": 3.666666666666667,
        "convergence_ratio": -1.0000000000000004,
        "skipped": false
      },
      {
        "case_id": "startup_success",
        "initial_gap": 1.833333333333333,
        "final_gap": 2.166666666666667,
        "convergence_ratio": -0.1818181818181821,
        "skipped": false
      },
      {
        "case_id": "hiring_success",
        "initial_gap": 4.0,
        "final_gap": 6.0,
        "convergence_ratio": -0.5,
        "skipped": false
      },
      {
        "case_id": "hiring_success",
        "initial_gap": 4.0,
        "final_gap": 3.0,
        "convergence_ratio": 0.25,
        "skipped": false
      },
      {
        "case_id": "hiring_success",
        "initial_gap": 1.0,
        "final_gap": 4.0,
        "convergence_ratio": -3.0,
        "skipped": false
      },
      {
        "case_id": "hiring_success",
        "initial_gap": 4.0,
        "final_gap": 25.0,
        "convergence_ratio": -5.25,
        "skipped": false
      },
      {
        "case_id": "hiring_success",