{
  "conditions": [
    "naive",
    "cot",
    "farness"
  ],
  "n_naive": 63,
  "n_cot": 66,
  "n_farness": 62,
  "naive": {
    "n": 63,
    "mean_update_magnitude": 13.798412698412697,
    "std_update_magnitude": 15.865731910401719,
    "mean_relative_update": 0.5105829637339322,
    "initial_ci_rate": 1.0,
    "correct_direction_rate": 1.0
  },
  "cot": {
    "n": 66,
    "mean_update_magnitude": 13.371212121212121,
    "std_update_magnitude": 14.863820454652918,
    "mean_relative_update": 0.49061162066955294,
    "initial_ci_rate": 1.0,
    "correct_direction_rate": 1.0
  },
  "farness": {
    "n": 62,
    "mean_update_magnitude": 9.016129032258064,
    "std_update_magnitude": 10.707729605035473,
    "mean_relative_update": 0.42779764881908183,
    "initial_ci_rate": 1.0,
    "correct_direction_rate": 0.9777777777777777
  },
  "statistical_comparison": {
    "naive_vs_cot": {
      "mann_whitney_u": 2120.5,
      "p_value_raw": 0.8462367774436662,
      "hypothesis": "naive != cot (two-sided)",
      "effect_size_r": -0.019961519961519958,
      "effect_size_r_ci95": [
        -0.23643578643578644,
        0.19314574314574315
      ],
      "cohens_d": 0.02781053006515828,
      "cohens_d_ci95": [
        -0.34604771261839873,
        0.3930151090945721
      ],
      "p_value_corrected": 0.8462367774436662
    },
    "naive_vs_farness": {
      "mann_whitney_u": 2329.5,
      "p_value_raw": 0.062261453074399925,
      "hypothesis": "naive != farness (two-sided)",
      "effect_size_r": -0.1927803379416282,
      "effect_size_r_ci95": [
        -0.385573476702509,
        0.01923963133640554
      ],
      "cohens_d": 0.3527985665418677,
      "cohens_d_ci95": [
        -0.007505835855059671,
        0.6728325490897846
      ],
      "p_value_corrected": 0.18678435922319978
    },
    "cot_vs_farness": {
      "mann_whitney_u": 2344.5,
      "p_value_raw": 0.15370182449645664,
      "hypothesis": "cot != farness (two-sided)",
      "effect_size_r": -0.14589442815249276,
      "effect_size_r_ci95": [
        -0.3356182795698924,
        0.05498533724340171
      ],
      "cohens_d": 0.3345304069984131,
      "cohens_d_ci95": [
        -0.004994906524450881,
        0.6503338754160296
      ],
      "p_value_corrected": 0.3074036489929133
    }
  },
  "mixed_effects": {
    "coefficients": {
      "Intercept": {
        "estimate": 13.926916443267936,
        "se": 4.308194246043546,
        "p_value": 0.0012264450765486694
      },
      "condition[T.cot]": {
        "estimate": -0.5557043220547739,
        "se": 0.5879162399956207,
        "p_value": 0.3445516639917391
      },
      "condition[T.farness]": {
        "estimate": -4.1688849746890595,
        "se": 0.5965489836854909,
        "p_value": 2.781647913694337e-12
      }
    },
    "random_effect_variance": 202.21639006969335,
    "n_groups": 11,
    "n_obs": 191,
    "converged": true
  },
  "convergence": {
    "mean_convergence_ratio": -1.47943016339601,
    "ci_95": [
      -2.078385528827078,
      -0.9377807570805008
    ],
    "n_valid": 53,
    "n_skipped": 10,
    "t_statistic": -5.251699800294579,
    "p_value_one_sided": 0.9999985809559897,
    "cohens_d": -0.7213764462576809,
    "interpretation": "Significant divergence: naive responses moved away from farness initial estimates",
    "details": [
      {
        "case_id": "planning_estimate",
        "initial_gap": 0.5833333333333335,
        "final_gap": 2.9166666666666665,
        "convergence_ratio": -3.9999999999999982,
        "skipped": false
      },
      {
        "case_id": "planning_estimate",
        "initial_gap": 0.5833333333333335,
        "final_gap": 3.4166666666666665,
        "convergence_ratio": -4.857142857142855,
        "skipped": false
      },
      {
        "case_id": "planning_estimate",
        "initial_gap": 0.5833333333333335,
        "final_gap": 3.9166666666666665,
        "convergence_ratio": -5.714285714285713,
        "skipped": false
      },
      {
        "case_id": "planning_estimate",
        "initial_gap": 0.5833333333333335,
        "final_gap": 3.4166666666666665,
        "convergence_ratio": -4.857142857142855,
        "skipped": false
      },
      {
        "case_id": "planning_estimate",
        "initial_gap": 0.5833333333333335,
        "final_gap": 3.4166666666666665,
        "convergence_ratio": -4.857142857142855,
        "skipped": false
      },
      {
        "case_id": "planning_estimate",
        "initial_gap": 0.5833333333333335,
        "final_gap": 4.416666666666666,
        "convergence_ratio": -6.5714285714285685,
        "skipped": false
      },
      {
        "case_id": "sunk_cost_project",
        "initial_gap": 1.5,
        "final_gap": 6.0,
        "convergence_ratio": -3.0,
        "skipped": false
      },
      {
        "case_id": "sunk_cost_project",
        "initial_gap": 1.5,
        "final_gap": 6.5,
        "convergence_ratio": -3.333333333333333,
        "skipped": false
      },
      {
        "case_id": "sunk_cost_project",
        "initial_gap": 1.5,
        "final_gap": 7.0,
        "convergence_ratio": -3.666666666666667,
        "skipped": false
      },
      {
        "case_id": "sunk_cost_project",
        "initial_gap": 1.5,
        "final_gap": 6.5,
        "convergence_ratio": -3.333333333333333,
        "skipped": false
      },
      {
        "case_id": "sunk_cost_project",
        "initial_gap": 1.5,
        "final_gap": 6.0,
        "convergence_ratio": -3.0,
        "skipped": false
      },
      {
        "case_id": "sunk_cost_project",
        "initial_gap": 1.5,
        "final_gap": 6.5,
        "convergence_ratio": -3.333333333333333,
        "skipped": false
      },
      {
        "case_id": "startup_success",
        "initial_gap": 0.33333333333333304,
        "final_gap": 2.833333333333333,
        "convergence_ratio": null,
        "skipped": true,
        "skip_reason": "Initial gap 0.33 < threshold 0.5"
      },
      {
        "case_id": "startup_success",
        "initial_gap": 0.33333333333333304,
        "final_gap": 2.833333333333333,
        "convergence_ratio": null,
        "skipped": true,
        "skip_reason": "Initial gap 0.33 < threshold 0.5"
      },
      {
        "case_id": "startup_success",
        "initial_gap": 0.33333333333333304,
        "final_gap": 2.833333333333333,
        "convergence_ratio": null,
        "skipped": true,
        "skip_reason": "Initial gap 0.33 < threshold 0.5"
      },
      {
        "case_id": "startup_success",
        "initial_gap": 2.666666666666667,
        "final_gap": 2.833333333333333,
        "convergence_ratio": -0.06249999999999978,
        "skipped": false
      },
      {
        "case_id": "startup_success",
        "initial_gap": 0.666666666666667,
        "final_gap": 3.133333333333333,
        "convergence_ratio": -3.6999999999999975,
        "skipped": false
      },
      {
        "case_id": "startup_success",
        "initial_gap": 0.33333333333333304,
        "final_gap": 3.333333333333333,
        "convergence_ratio": null,
        "skipped": true,
        "skip_reason": "Initial gap 0.33 < threshold 0.5"
      },
      {
        "case_id": "hiring_success",
        "initial_gap": 6.5,
        "final_gap": 8.5,
        "convergence_ratio": -0.3076923076923077,
        "skipped": false
      },
      {
        "case_id": "hiring_success",
        "initial_gap": 1.5,
        "final_gap": 8.5,
        "convergence_ratio": -4.666666666666667,
        "skipped": false
      },
      {
        "case_id": "hiring_success",
        "initial_gap": 1.5,
        "final_gap": 8.5,
        "convergence_ratio": -4.666666666666667,
        "skipped": false
      },
      {
        "case_id": "hiring_success",
        "initial_gap": 6.5,
        "final_gap": 8.5,
        "convergence_ratio": -0.3076923076923077,
        "skipped": false
      },
      {
        "case_id": "hiring_success",
        "initial_gap": 1.5,
        "final_gap": 8.5,