{
  "conditions": [
    "naive",
    "cot",
    "farness"
  ],
  "comparison_metric": "relative_update",
  "comparison_metric_label": "relative update",
  "n_naive": 63,
  "n_cot": 66,
  "n_farness": 62,
  "naive": {
    "n": 63,
    "mean_update_magnitude": 13.798412698412697,
    "std_update_magnitude": 15.865731910401719,
    "mean_relative_update": 0.5105829637339322,
    "initial_ci_rate": 1.0,
    "correct_direction_rate": 1.0
  },
  "cot": {
    "n": 66,
    "mean_update_magnitude": 13.371212121212121,
    "std_update_magnitude": 14.863820454652918,
    "mean_relative_update": 0.49061162066955294,
    "initial_ci_rate": 1.0,
    "correct_direction_rate": 1.0
  },
  "farness": {
    "n": 62,
    "mean_update_magnitude": 9.016129032258064,
    "std_update_magnitude": 10.707729605035473,
    "mean_relative_update": 0.42779764881908183,
    "initial_ci_rate": 1.0,
    "correct_direction_rate": 0.9777777777777777
  },
  "statistical_comparison": {
    "naive_vs_cot": {
      "mann_whitney_u": 2117.0,
      "p_value_raw": 0.8591165043759943,
      "hypothesis": "naive != cot (two-sided)",
      "effect_size_r": -0.018278018278018227,
      "effect_size_r_ci95": [
        -0.22103174603174613,
        0.18208273208273204
      ],
      "cohens_d": 0.055368378604342024,
      "cohens_d_ci95": [
        -0.30801701127661096,
        0.4011664388139746
      ],
      "p_value_corrected": 0.8591165043759943
    },
    "naive_vs_farness": {
      "mann_whitney_u": 2192.5,
      "p_value_raw": 0.23606105050018156,
      "hypothesis": "naive != farness (two-sided)",
      "effect_size_r": -0.1226318484383,
      "effect_size_r_ci95": [
        -0.32336149513568874,
        0.10323860727086524
      ],
      "cohens_d": 0.24205507859319503,
      "cohens_d_ci95": [
        -0.13367221752073838,
        0.5776557158361146
      ],
      "p_value_corrected": 0.7081831515005447
    },
    "cot_vs_farness": {
      "mann_whitney_u": 2226.5,
      "p_value_raw": 0.3888945829259559,
      "hypothesis": "cot != farness (two-sided)",
      "effect_size_r": -0.08822091886608008,
      "effect_size_r_ci95": [
        -0.2928335777126099,
        0.11149804496578686
      ],
      "cohens_d": 0.19637530216136184,
      "cohens_d_ci95": [
        -0.14125875209647779,
        0.5465782358511785
      ],
      "p_value_corrected": 0.7777891658519118
    }
  },
  "mixed_effects": {
    "metric": "relative_update",
    "coefficients": {
      "Intercept": {
        "estimate": 0.5146353800533254,
        "se": 0.10284510425347249,
        "p_value": 5.615706907285943e-07
      },
      "condition[T.cot]": {
        "estimate": -0.02402375938378239,
        "se": 0.01596557483259879,
        "p_value": 0.13239544061857678
      },
      "condition[T.farness]": {
        "estimate": -0.07951420400914697,
        "se": 0.016200004992784515,
        "p_value": 9.18773599076334e-07
      }
    },
    "random_effect_variance": 0.11491057800210147,
    "n_groups": 11,
    "n_obs": 191,
    "converged": true
  },
  "convergence": {
    "mean_convergence_ratio": -1.47943016339601,
    "ci_95": [
      -2.078385528827078,
      -0.9377807570805008
    ],
    "n_valid": 53,
    "n_skipped": 10,
    "t_statistic": -5.251699800294579,
    "p_value_one_sided": 0.9999985809559897,
    "cohens_d": -0.7213764462576809,
    "interpretation": "Significant divergence: naive responses moved away from farness initial estimates",
    "details": [
      {
        "case_id": "planning_estimate",
        "initial_gap": 0.5833333333333335,
        "final_gap": 2.9166666666666665,
        "convergence_ratio": -3.9999999999999982,
        "skipped": false
      },
      {
        "case_id": "planning_estimate",
        "initial_gap": 0.5833333333333335,
        "final_gap": 3.4166666666666665,
        "convergence_ratio": -4.857142857142855,
        "skipped": false
      },
      {
        "case_id": "planning_estimate",
        "initial_gap": 0.5833333333333335,
        "final_gap": 3.9166666666666665,
        "convergence_ratio": -5.714285714285713,
        "skipped": false
      },
      {
        "case_id": "planning_estimate",
        "initial_gap": 0.5833333333333335,
        "final_gap": 3.4166666666666665,
        "convergence_ratio": -4.857142857142855,
        "skipped": false
      },
      {
        "case_id": "planning_estimate",
        "initial_gap": 0.5833333333333335,
        "final_gap": 3.4166666666666665,
        "convergence_ratio": -4.857142857142855,
        "skipped": false
      },
      {
        "case_id": "planning_estimate",
        "initial_gap": 0.5833333333333335,
        "final_gap": 4.416666666666666,
        "convergence_ratio": -6.5714285714285685,
        "skipped": false
      },
      {
        "case_id": "sunk_cost_project",
        "initial_gap": 1.5,
        "final_gap": 6.0,
        "convergence_ratio": -3.0,
        "skipped": false
      },
      {
        "case_id": "sunk_cost_project",
        "initial_gap": 1.5,
        "final_gap": 6.5,
        "convergence_ratio": -3.333333333333333,
        "skipped": false
      },
      {
        "case_id": "sunk_cost_project",
        "initial_gap": 1.5,
        "final_gap": 7.0,
        "convergence_ratio": -3.666666666666667,
        "skipped": false
      },
      {
        "case_id": "sunk_cost_project",
        "initial_gap": 1.5,
        "final_gap": 6.5,
        "convergence_ratio": -3.333333333333333,
        "skipped": false
      },
      {
        "case_id": "sunk_cost_project",
        "initial_gap": 1.5,
        "final_gap": 6.0,
        "convergence_ratio": -3.0,
        "skipped": false
      },
      {
        "case_id": "sunk_cost_project",
        "initial_gap": 1.5,
        "final_gap": 6.5,
        "convergence_ratio": -3.333333333333333,
        "skipped": false
      },
      {
        "case_id": "startup_success",
        "initial_gap": 0.33333333333333304,
        "final_gap": 2.833333333333333,
        "convergence_ratio": null,
        "skipped": true,
        "skip_reason": "Initial gap 0.33 < threshold 0.5"
      },
      {
        "case_id": "startup_success",
        "initial_gap": 0.33333333333333304,
        "final_gap": 2.833333333333333,
        "convergence_ratio": null,
        "skipped": true,
        "skip_reason": "Initial gap 0.33 < threshold 0.5"
      },
      {
        "case_id": "startup_success",
        "initial_gap": 0.33333333333333304,
        "final_gap": 2.833333333333333,
        "convergence_ratio": null,
        "skipped": true,
        "skip_reason": "Initial gap 0.33 < threshold 0.5"
      },
      {
        "case_id": "startup_success",
        "initial_gap": 2.666666666666667,
        "final_gap": 2.833333333333333,
        "convergence_ratio": -0.06249999999999978,
        "skipped": false
      },
      {
        "case_id": "startup_success",
        "initial_gap": 0.666666666666667,
        "final_gap": 3.133333333333333,
        "convergence_ratio": -3.6999999999999975,
        "skipped": false
      },
      {
        "case_id": "startup_success",
        "initial_gap": 0.33333333333333304,
        "final_gap": 3.333333333333333,
        "convergence_ratio": null,
        "skipped": true,
        "skip_reason": "Initial gap 0.33 < threshold 0.5"
      },
      {
        "case_id": "hiring_success",
        "initial_gap": 6.5,
        "final_gap": 8.5,
        "convergence_ratio": -0.3076923076923077,
        "skipped": false
      },
      {
        "case_id": "hiring_success",
        "initial_gap": 1.5,
        "final_gap": 8.5,
        "convergence_ratio": -4.666666666666667,
        "skipped": false
      },
      {
        "case_id": "hiring_success",
        "initial_gap": 1.5,
        "final_gap": 8.5,
        "convergence_ratio": -4.666666666666667,
        "skipped": false
      },
      {
        "case_id": "hiring_success",
        "initial_gap": 6.5,
        "final_gap": 8.5,
        "convergence_ratio": -0.3076923076923077,