{
  "conditions": [
    "naive",
    "cot",
    "farness"
  ],
  "comparison_metric": "relative_update",
  "comparison_metric_label": "relative update",
  "n_naive": 66,
  "n_cot": 66,
  "n_farness": 66,
  "naive": {
    "n": 66,
    "mean_update_magnitude": 30.974242424242423,
    "std_update_magnitude": 70.34992167860942,
    "mean_relative_update": 0.48402513553749277,
    "initial_ci_rate": 1.0,
    "correct_direction_rate": 1.0
  },
  "cot": {
    "n": 66,
    "mean_update_magnitude": 27.57272727272727,
    "std_update_magnitude": 58.626629668553406,
    "mean_relative_update": 0.41023222525456554,
    "initial_ci_rate": 1.0,
    "correct_direction_rate": 1.0
  },
  "farness": {
    "n": 66,
    "mean_update_magnitude": 13.77878787878788,
    "std_update_magnitude": 18.596157710265892,
    "mean_relative_update": 0.3561795941976468,
    "initial_ci_rate": 1.0,
    "correct_direction_rate": 1.0
  },
  "statistical_comparison": {
    "naive_vs_cot": {
      "mann_whitney_u": 2192.0,
      "p_value_raw": 0.9509440110545733,
      "hypothesis": "naive != cot (two-sided)",
      "effect_size_r": -0.006427915518824712,
      "effect_size_r_ci95": [
        -0.205102157943067,
        0.1804752066115702
      ],
      "cohens_d": 0.20635092091164856,
      "cohens_d_ci95": [
        -0.13849949591774433,
        0.514560963111074
      ],
      "p_value_corrected": 0.9509440110545733
    },
    "naive_vs_farness": {
      "mann_whitney_u": 2505.5,
      "p_value_raw": 0.13625940694392902,
      "hypothesis": "naive != farness (two-sided)",
      "effect_size_r": -0.15036730945821852,
      "effect_size_r_ci95": [
        -0.35079201101928364,
        0.02962580348943984
      ],
      "cohens_d": 0.3618726005693221,
      "cohens_d_ci95": [
        0.04214099081685099,
        0.6551912897311264
      ],
      "p_value_corrected": 0.40877822083178705
    },
    "cot_vs_farness": {
      "mann_whitney_u": 2493.0,
      "p_value_raw": 0.1519139531615656,
      "hypothesis": "cot != farness (two-sided)",
      "effect_size_r": -0.1446280991735538,
      "effect_size_r_ci95": [
        -0.3381714876033058,
        0.050763314967860344
      ],
      "cohens_d": 0.22026553970411278,
      "cohens_d_ci95": [
        -0.12190790483039618,
        0.5686976133883161
      ],
      "p_value_corrected": 0.40877822083178705
    }
  },
  "mixed_effects": {
    "metric": "relative_update",
    "coefficients": {
      "Intercept": {
        "estimate": 0.4840251355374963,
        "se": 0.09108138555244343,
        "p_value": 1.0712409132898793e-07
      },
      "condition[T.cot]": {
        "estimate": -0.07379291028292721,
        "se": 0.02680913859786788,
        "p_value": 0.005913705116146341
      },
      "condition[T.farness]": {
        "estimate": -0.12784554133984596,
        "se": 0.02680913859786788,
        "p_value": 1.8539100537931696e-06
      }
    },
    "random_effect_variance": 0.08730099221770166,
    "n_groups": 11,
    "n_obs": 198,
    "converged": true
  },
  "convergence": {
    "mean_convergence_ratio": -1.0680843714264918,
    "ci_95": [
      -1.6497548755272986,
      -0.5377567385607176
    ],
    "n_valid": 55,
    "n_skipped": 11,
    "t_statistic": -3.790153545765316,
    "p_value_one_sided": 0.9998094334228788,
    "cohens_d": -0.5110641998539092,
    "interpretation": "Significant divergence: naive responses moved away from farness initial estimates",
    "details": [
      {
        "case_id": "planning_estimate",
        "initial_gap": 0.16666666666666652,
        "final_gap": 5.833333333333334,
        "convergence_ratio": null,
        "skipped": true,
        "skip_reason": "Initial gap 0.17 < threshold 0.5"
      },
      {
        "case_id": "planning_estimate",
        "initial_gap": 0.3666666666666667,
        "final_gap": 4.333333333333334,
        "convergence_ratio": null,
        "skipped": true,
        "skip_reason": "Initial gap 0.37 < threshold 0.5"
      },
      {
        "case_id": "planning_estimate",
        "initial_gap": 0.16666666666666652,
        "final_gap": 4.333333333333334,
        "convergence_ratio": null,
        "skipped": true,
        "skip_reason": "Initial gap 0.17 < threshold 0.5"
      },
      {
        "case_id": "planning_estimate",
        "initial_gap": 0.5666666666666664,
        "final_gap": 1.8333333333333335,
        "convergence_ratio": -2.2352941176470607,
        "skipped": false
      },
      {
        "case_id": "planning_estimate",
        "initial_gap": 0.3666666666666667,
        "final_gap": 4.833333333333334,
        "convergence_ratio": null,
        "skipped": true,
        "skip_reason": "Initial gap 0.37 < threshold 0.5"
      },
      {
        "case_id": "planning_estimate",
        "initial_gap": 0.16666666666666652,
        "final_gap": 5.333333333333334,
        "convergence_ratio": null,
        "skipped": true,
        "skip_reason": "Initial gap 0.17 < threshold 0.5"
      },
      {
        "case_id": "sunk_cost_project",
        "initial_gap": 2.5,
        "final_gap": 10.5,
        "convergence_ratio": -3.2,
        "skipped": false
      },
      {
        "case_id": "sunk_cost_project",
        "initial_gap": 2.5,
        "final_gap": 10.5,
        "convergence_ratio": -3.2,
        "skipped": false
      },
      {
        "case_id": "sunk_cost_project",
        "initial_gap": 2.5,
        "final_gap": 11.5,
        "convergence_ratio": -3.5999999999999996,
        "skipped": false
      },
      {
        "case_id": "sunk_cost_project",
        "initial_gap": 2.5,
        "final_gap": 12.5,
        "convergence_ratio": -4.0,
        "skipped": false
      },
      {
        "case_id": "sunk_cost_project",
        "initial_gap": 2.5,
        "final_gap": 12.5,
        "convergence_ratio": -4.0,
        "skipped": false
      },
      {
        "case_id": "sunk_cost_project",
        "initial_gap": 2.5,
        "final_gap": 10.5,
        "convergence_ratio": -3.2,
        "skipped": false
      },
      {
        "case_id": "startup_success",
        "initial_gap": 2.333333333333334,
        "final_gap": 6.666666666666666,
        "convergence_ratio": -1.8571428571428563,
        "skipped": false
      },
      {
        "case_id": "startup_success",
        "initial_gap": 2.333333333333334,
        "final_gap": 5.666666666666666,
        "convergence_ratio": -1.4285714285714275,
        "skipped": false
      },
      {
        "case_id": "startup_success",
        "initial_gap": 2.333333333333334,
        "final_gap": 6.166666666666666,
        "convergence_ratio": -1.642857142857142,
        "skipped": false
      },
      {
        "case_id": "startup_success",
        "initial_gap": 2.333333333333334,
        "final_gap": 6.166666666666666,
        "convergence_ratio": -1.642857142857142,
        "skipped": false
      },
      {
        "case_id": "startup_success",
        "initial_gap": 2.333333333333334,
        "final_gap": 5.666666666666666,
        "convergence_ratio": -1.4285714285714275,
        "skipped": false
      },
      {
        "case_id": "startup_success",
        "initial_gap": 2.333333333333334,
        "final_gap": 5.666666666666666,
        "convergence_ratio": -1.4285714285714275,
        "skipped": false
      },
      {
        "case_id": "hiring_success",
        "initial_gap": 6.666666666666668,
        "final_gap": 4.333333333333332,
        "convergence_ratio": 0.3500000000000003,
        "skipped": false
      },
      {
        "case_id": "hiring_success",
        "initial_gap": 3.666666666666668,
        "final_gap": 4.333333333333332,
        "convergence_ratio": -0.1818181818181812,
        "skipped": false
      },
      {
        "case_id": "hiring_success",
        "initial_gap": 6.666666666666668,
        "final_gap": 1.3333333333333321,
        "convergence_ratio": 0.8000000000000003,
        "skipped": false
      },
      {
        "case_id": "hiring_success",
        "initial_gap": 3.666666666666668,